n_rows,mean_time,std_time
100,0.7417702674865723,0.03319997472127934
200,0.7509725093841553,0.0014585916524110858
300,0.7895117600758871,0.005744445377036881
400,0.844188928604126,0.0025543558717174607
500,0.9267981052398682,0.0006644409269329354
600,0.976731538772583,0.0028877660156909537
700,1.0090656280517578,0.0032786362946991623
800,1.0111221472422283,0.0022875568436675213
900,1.0071172714233398,0.0047676403498259105
1000,1.0164922873179119,0.029695567836172273
